{
  "id": "default",
  "type": "emoji",
  "name": "emoji",
  "icon": "",
  "column": 8,
  "author": null,
  "content": [
    {
      "fileName": "expression_1.png",
      "text": "[微笑]"
    },
    {
      "fileName": "expression_2.png",
      "text": "[撇嘴]"
    },
    {
      "fileName": "expression_3.png",
      "text": "[色]"
    },
    {
      "fileName": "expression_4.png",
      "text": "[发呆]"
    },
    {
      "fileName": "expression_5.png",
      "text": "[得意]"
    },
    {
      "fileName": "expression_6.png",
      "text": "[流泪]"
    },
    {
      "fileName": "expression_7.png",
      "text": "[害羞]"
    },
    {
      "fileName": "expression_8.png",
      "text": "[闭嘴]"
    },
    {
      "fileName": "expression_9.png",
      "text": "[睡]"
    },
    {
      "fileName": "expression_10.png",
      "text": "[大哭]"
    },
    {
      "fileName": "expression_11.png",
      "text": "[尴尬]"
    },
    {
      "fileName": "expression_12.png",
      "text": "[发怒]"
    },
    {
      "fileName": "expression_13.png",
      "text": "[调皮]"
    },
    {
      "fileName": "expression_14.png",
      "text": "[呲牙]"
    },
    {
      "fileName": "expression_15.png",
      "text": "[惊讶]"
    },
    {
      "fileName": "expression_16.png",
      "text": "[难过]"
    },
    {
      "fileName": "expression_18.png",
      "text": "[囧]"
    },
    {
      "fileName": "expression_19.png",
      "text": "[抓狂]"
    },
    {
      "fileName": "expression_20.png",
      "text": "[吐]"
    },
    {
      "fileName": "expression_21.png",
      "text": "[偷笑]"
    },
    {
      "fileName": "expression_22.png",
      "text": "[愉快]"
    },
    {
      "fileName": "expression_23.png",
      "text": "[白眼]"
    },
    {
      "fileName": "expression_24.png",
      "text": "[傲慢]"
    },
    {
      "fileName": "expression_26.png",
      "text": "[困]"
    },
    {
      "fileName": "expression_27.png",
      "text": "[惊恐]"
    },
    {
      "fileName": "expression_28.png",
      "text": "[流汗]"
    },
    {
      "fileName": "expression_29.png",
      "text": "[憨笑]"
    },
    {
      "fileName": "expression_30.png",
      "text": "[悠闲]"
    },
    {
      "fileName": "expression_31.png",
      "text": "[奋斗]"
    },
    {
      "fileName": "expression_32.png",
      "text": "[咒骂]"
    },
    {
      "fileName": "expression_33.png",
      "text": "[疑问]"
    },
    {
      "fileName": "expression_34.png",
      "text": "[嘘]"
    },
    {
      "fileName": "expression_35.png",
      "text": "[晕]"
    },
    {
      "fileName": "expression_37.png",
      "text": "[衰]"
    },
    {
      "fileName": "expression_38.png",
      "text": "[骷髅]"
    },
    {
      "fileName": "expression_39.png",
      "text": "[敲打]"
    },
    {
      "fileName": "expression_40.png",
      "text": "[再见]"
    },
    {
      "fileName": "expression_41.png",
      "text": "[擦汗]"
    },
    {
      "fileName": "expression_42.png",
      "text": "[抠鼻]"
    },
    {
      "fileName": "expression_43.png",
      "text": "[鼓掌]"
    },
    {
      "fileName": "expression_45.png",
      "text": "[坏笑]"
    },
    {
      "fileName": "expression_46.png",
      "text": "[左哼哼]"
    },
    {
      "fileName": "expression_47.png",
      "text": "[右哼哼]"
    },
    {
      "fileName": "expression_48.png",
      "text": "[哈欠]"
    },
    {
      "fileName": "expression_49.png",
      "text": "[鄙视]"
    },
    {
      "fileName": "expression_50.png",
      "text": "[委屈]"
    },
    {
      "fileName": "expression_51.png",
      "text": "[快哭了]"
    },
    {
      "fileName": "expression_52.png",
      "text": "[阴险]"
    },
    {
      "fileName": "expression_53.png",
      "text": "[亲亲]"
    },
    {
      "fileName": "expression_55.png",
      "text": "[可怜]"
    },
    {
      "fileName": "expression_56.png",
      "text": "[菜刀]"
    },
    {
      "fileName": "expression_57.png",
      "text": "[西瓜]"
    },
    {
      "fileName": "expression_58.png",
      "text": "[啤酒]"
    },
    {
      "fileName": "expression_61.png",
      "text": "[咖啡]"
    },
    {
      "fileName": "expression_63.png",
      "text": "[猪头]"
    },
    {
      "fileName": "expression_64.png",
      "text": "[玫瑰]"
    },
    {
      "fileName": "expression_65.png",
      "text": "[凋谢]"
    },
    {
      "fileName": "expression_66.png",
      "text": "[嘴唇]"
    },
    {
      "fileName": "expression_67.png",
      "text": "[爱心]"
    },
    {
      "fileName": "expression_68.png",
      "text": "[心碎]"
    },
    {
      "fileName": "expression_69.png",
      "text": "[蛋糕]"
    },
    {
      "fileName": "expression_71.png",
      "text": "[炸弹]"
    },
    {
      "fileName": "expression_75.png",
      "text": "[便便]"
    },
    {
      "fileName": "expression_76.png",
      "text": "[月亮]"
    },
    {
      "fileName": "expression_77.png",
      "text": "[太阳]"
    },
    {
      "fileName": "expression_79.png",
      "text": "[拥抱]"
    },
    {
      "fileName": "expression_80.png",
      "text": "[强]"
    },
    {
      "fileName": "expression_81.png",
      "text": "[弱]"
    },
    {
      "fileName": "expression_82.png",
      "text": "[握手]"
    },
    {
      "fileName": "expression_83.png",
      "text": "[胜利]"
    },
    {
      "fileName": "expression_84.png",
      "text": "[抱拳]"
    },
    {
      "fileName": "expression_85.png",
      "text": "[勾引]"
    },
    {
      "fileName": "expression_86.png",
      "text": "[拳头]"
    },
    {
      "fileName": "expression_90.png",
      "text": "[OK]"
    },
    {
      "fileName": "expression_93.png",
      "text": "[跳跳]"
    },
    {
      "fileName": "expression_94.png",
      "text": "[发抖]"
    },
    {
      "fileName": "expression_95.png",
      "text": "[怄火]"
    },
    {
      "fileName": "expression_96.png",
      "text": "[转圈]"
    },
    {
      "fileName": "expression_97.png",
      "text": "😄"
    },
    {
      "fileName": "expression_98.png",
      "text": "😷"
    },
    {
      "fileName": "expression_99.png",
      "text": "😂"
    },
    {
      "fileName": "expression_101.png",
      "text": "😝"
    },
    {
      "fileName": "expression_102.png",
      "text": "😳"
    },
    {
      "fileName": "expression_103.png",
      "text": "😱"
    },
    {
      "fileName": "expression_104.png",
      "text": "😔"
    },
    {
      "fileName": "expression_105.png",
      "text": "😒"
    },
    {
      "fileName": "expression_107.png",
      "text": "[嘿哈]"
    },
    {
      "fileName": "expression_108.png",
      "text": "[捂脸]"
    },
    {
      "fileName": "expression_106.png",
      "text": "[奸笑]"
    },
    {
      "fileName": "expression_109.png",
      "text": "[机智]"
    },
    {
      "fileName": "expression_119.png",
      "text": "[皱眉]"
    },
    {
      "fileName": "expression_113.png",
      "text": "[耶]"
    },
    {
      "fileName": "expression_114.png",
      "text": "👻"
    },
    {
      "fileName": "expression_115.png",
      "text": "🙏"
    },
    {
      "fileName": "expression_116.png",
      "text": "💪"
    },
    {
      "fileName": "expression_117.png",
      "text": "🎉"
    },
    {
      "fileName": "expression_118.png",
      "text": "🎁"
    },
    {
      "fileName": "expression_111.png",
      "text": "[红包]"
    }
  ]
}